Account296,Password296,2
Account872,Password872,0
Account266,Password266,1
Account842,Password842,1
Account236,Password236,0
Account813,Password813,0
Account207,Password207,1
Account689,Password689,0
Account373,Password373,1
Account659,Password659,2
Account343,Password343,0
Account629,Password629,1
Account314,Password314,1
Account796,Password796,0
Account480,Password480,1
Account766,Password766,0
Account450,Password450,1
Account736,Password736,0
Account420,Password420,1
Account707,Password707,1
Account297,Password297,2
Account873,Password873,2
Account267,Password267,0
Account843,Password843,0
Account237,Password237,0
Account814,Password814,0
Account208,Password208,1
Account970,Password970,2
Account374,Password374,2
Account940,Password940,1
Account344,Password344,2
Account910,Password910,1
Account315,Password315,1
Account797,Password797,2
Account481,Password481,1
Account767,Password767,0
Account451,Password451,0
Account737,Password737,1
Account421,Password421,2
Account708,Password708,0
Account298,Password298,2
Account874,Password874,0
Account268,Password268,2
Account844,Password844,2
Account238,Password238,2
Account815,Password815,2
Account209,Password209,1
Account971,Password971,0
Account375,Password375,0
Account941,Password941,1
Account345,Password345,1
Account911,Password911,2
Account316,Password316,2
Account798,Password798,2
Account482,Password482,1
Account768,Password768,0
Account452,Password452,2
Account738,Password738,1
Account422,Password422,1
Account709,Password709,2
zhufeiyu,51202,0
Account299,Password299,1
Account875,Password875,0
Account269,Password269,0
Account845,Password845,2
Account239,Password239,2
Account816,Password816,1
Account0,Password0,0
Account500,Password500,1
Account376,Password376,1
Account972,Password972,0
Account346,Password346,0
Account942,Password942,1
Account317,Password317,1
Account912,Password912,0
Account799,Password799,0
Account483,Password483,0
Account769,Password769,1
Account70,Password70,2
Account453,Password453,1
Account739,Password739,2
Account40,Password40,0
Account423,Password423,1
Account10,Password10,2
Account590,Password590,2
Account560,Password560,1
Account876,Password876,2
Account530,Password530,0
Account846,Password846,1
yinkang,yinkang,0
Account501,Password501,2
Account817,Password817,1
Account1,Password1,1
Account377,Password377,1
Account973,Password973,1
Account347,Password347,2
Account943,Password943,2
Account318,Password318,1
Account913,Password913,2
Account484,Password484,2
Account71,Password71,2
Account454,Password454,2
Account41,Password41,0
Account424,Password424,1
Account11,Password11,2
Account591,Password591,2
Account561,Password561,1
Account877,Password877,1
Account531,Password531,2
Account847,Password847,0
Account502,Password502,2
Account818,Password818,2
Account2,Password2,2
Account378,Password378,0
Account974,Password974,2
Account348,Password348,2
Account944,Password944,0
Account319,Password319,1
Account914,Password914,2
Account485,Password485,1
Account72,Password72,2
Account455,Password455,0
Account42,Password42,0
Account425,Password425,0
Account110,Password110,2
Account12,Password12,2
Account592,Password592,2
Account878,Password878,1
Account562,Password562,0
Account848,Password848,1
Account532,Password532,0
Account819,Password819,0
Account3,Password3,0
Account503,Password503,1
Account379,Password379,0
Account975,Password975,1
Account349,Password349,2
Account945,Password945,2
Account915,Password915,1
Account610,Password610,0
Account486,Password486,0
Account170,Password170,1
Account73,Password73,0
Account456,Password456,0
Account140,Password140,2
Account43,Password43,1
Account426,Password426,1
Account111,Password111,0
Account13,Password13,2
Account593,Password593,0
Account879,Password879,1
Account563,Password563,0
Account849,Password849,0
Account533,Password533,2
Account4,Password4,1
Account504,Password504,1
Account976,Password976,2
Account670,Password670,1
Account946,Password946,1
Account640,Password640,2
Account916,Password916,1
Account611,Password611,0
Account487,Password487,0
Account171,Password171,1
Account74,Password74,1
Account457,Password457,0
Account141,Password141,2
Account44,Password44,1
Account427,Password427,0
Account112,Password112,1
Account14,Password14,2
Account594,Password594,0
Account564,Password564,1
Account534,Password534,1
Account5,Password5,0
Account505,Password505,0
Account977,Password977,2
Account671,Password671,0
Account947,Password947,2
Account641,Password641,0
Account917,Password917,0
Account612,Password612,2
Account488,Password488,0
Account75,Password75,1
Account172,Password172,2
Account458,Password458,2
Account45,Password45,0
Account142,Password142,0
Account428,Password428,0
Account15,Password15,1
Account113,Password113,0
Account595,Password595,2
Account565,Password565,1
Account535,Password535,0
Account6,Password6,2
Account506,Password506,2
Account978,Password978,0
Account672,Password672,0
Account948,Password948,2
Account642,Password642,2
Account918,Password918,1
Account613,Password613,2
Account489,Password489,1
Account76,Password76,0
Account173,Password173,2
Account459,Password459,0
Account46,Password46,1
Account143,Password143,0
Account429,Password429,1
Account16,Password16,0
Account114,Password114,2
Account596,Password596,1
Account280,Password280,0
Account566,Password566,1
Account250,Password250,2
Account536,Password536,0
Account220,Password220,0
Account507,Password507,1
Account7,Password7,1
Account979,Password979,1
Account673,Password673,1
Account949,Password949,0
Account643,Password643,2
Account919,Password919,2
Account614,Password614,2
Account780,Password780,0
Account77,Password77,0
Account174,Password174,1
Account750,Password750,1
Account47,Password47,1
Account144,Password144,2
Account720,Password720,2
Account17,Password17,0
Account115,Password115,2
Account597,Password597,1
Account281,Password281,1
Account567,Password567,1
Account251,Password251,1
Account537,Password537,0
Account221,Password221,1
Account508,Password508,1
Account8,Password8,0
Account674,Password674,2
Account644,Password644,1
Account615,Password615,0
Account781,Password781,2
Account175,Password175,2
Account78,Password78,1
Account751,Password751,1
Account48,Password48,2
Account145,Password145,0
Account721,Password721,2
Account18,Password18,1
Account116,Password116,2
Account598,Password598,2
Account282,Password282,0
Account568,Password568,1
Account252,Password252,1
Account538,Password538,2
Account222,Password222,1
Account509,Password509,2
Account9,Password9,0
Account675,Password675,1
Account645,Password645,2
Account616,Password616,2
Account300,Password300,0
Account176,Password176,0
Account782,Password782,1
Account79,Password79,2
Account146,Password146,2
Account752,Password752,2
Account49,Password49,2
Account117,Password117,2
Account722,Password722,1
Account19,Password19,2
Account599,Password599,2
Account283,Password283,2
Account569,Password569,0
Account253,Password253,1
Account539,Password539,2
Account223,Password223,1
Account800,Password800,2
Account390,Password390,1
Account360,Password360,2
Account676,Password676,2
Account330,Password330,0
Account646,Password646,2
Account301,Password301,0
Account617,Password617,2
Account177,Password177,2
Account783,Password783,2
Account147,Password147,2
Account753,Password753,2
Account118,Password118,2
Account723,Password723,2
Account284,Password284,2
Account890,Password890,0
Account923,Password923,0
Account254,Password254,2
Account860,Password860,1
Account224,Password224,1
Account830,Password830,2
Account801,Password801,1
Account391,Password391,1
Account361,Password361,1
Account677,Password677,0
Account331,Password331,0
Account647,Password647,2
Account302,Password302,1
Account618,Password618,1
Account178,Password178,0
Account784,Password784,1
Account148,Password148,0
Account754,Password754,0
Account119,Password119,2
Account724,Password724,0
Account285,Password285,0
Account891,Password891,2
Account255,Password255,0
Account861,Password861,2
Account225,Password225,2
Account831,Password831,0
Account802,Password802,0
Account392,Password392,2
Account678,Password678,2
Account362,Password362,1
Account648,Password648,1
Account332,Password332,1
Account619,Password619,0
Account303,Password303,1
Account179,Password179,2
Account785,Password785,2
Account149,Password149,0
Account755,Password755,2
Account725,Password725,1
Account410,Password410,2
Account892,Password892,0
Account286,Password286,0
Account862,Password862,2
Account256,Password256,0
Account832,Password832,1
Account226,Password226,1
Account803,Password803,2
Account393,Password393,2
Account679,Password679,0
Account363,Password363,2
Account649,Password649,2
Account333,Password333,1
Account900,Password900,2
Account304,Password304,2
Account786,Password786,1
Account470,Password470,2
Account756,Password756,0
Account440,Password440,0
Account726,Password726,2
Account411,Password411,2
Account893,Password893,2
Account287,Password287,2
Account863,Password863,2
Account257,Password257,2
Account833,Password833,2
Account227,Password227,2
Account804,Password804,2
Account394,Password394,1
Account960,Password960,1
Account364,Password364,1
Account930,Password930,0
Account334,Password334,1
Account901,Password901,0
Account305,Password305,1
Account787,Password787,0
Account471,Password471,0
Account757,Password757,0
Account441,Password441,1
Account727,Password727,1
Account412,Password412,0
Account894,Password894,1
Account288,Password288,2
Account864,Password864,1
Account258,Password258,0
Account834,Password834,1
Account228,Password228,2
Account805,Password805,1
Account990,Password990,1
Account395,Password395,0
Account961,Password961,0
Account365,Password365,2
Account931,Password931,1
Account335,Password335,0
Account902,Password902,1
Account306,Password306,2
Account788,Password788,1
Account472,Password472,1
Account758,Password758,1
Account442,Password442,1
Account728,Password728,0
Account413,Password413,1
Account895,Password895,1
Account289,Password289,2
Account865,Password865,1
Account259,Password259,2
Account835,Password835,0
Account229,Password229,0
Account806,Password806,2
Account991,Password991,1
Account396,Password396,2
Account962,Password962,1
Account366,Password366,1
Account932,Password932,1
Account336,Password336,1
Account903,Password903,2
Account307,Password307,2
Account789,Password789,2
Account473,Password473,2
Account759,Password759,0
Account60,Password60,0
Account443,Password443,0
Account729,Password729,2
Account30,Password30,1
Account414,Password414,1
Account896,Password896,2
Account580,Password580,2
Account866,Password866,0
Account550,Password550,0
Account836,Password836,2
Account520,Password520,0
Account807,Password807,0
Account992,Password992,2
Account397,Password397,0
Account963,Password963,2
Account367,Password367,0
Account933,Password933,2
Account337,Password337,2
Account904,Password904,2
Account308,Password308,1
Account90,Password90,2
Account474,Password474,1
Account61,Password61,1
Account444,Password444,2
Account31,Password31,2
Account415,Password415,0
Account897,Password897,2
Account581,Password581,1
Account867,Password867,0
Account551,Password551,0
Account837,Password837,1
Account521,Password521,2
Account808,Password808,2
Account993,Password993,2
Account398,Password398,0
Account964,Password964,0
Account368,Password368,1
Account934,Password934,2
Account338,Password338,0
Account905,Password905,2
Account309,Password309,1
Account91,Password91,2
Account475,Password475,2
Account62,Password62,1
Account445,Password445,1
Account32,Password32,2
Account416,Password416,0
Account100,Password100,0
Account898,Password898,1
Account582,Password582,1
Account868,Password868,2
Account552,Password552,1
Account838,Password838,0
Account522,Password522,1
Account809,Password809,2
Account399,Password399,2
Account994,Password994,1
Account369,Password369,1
Account965,Password965,1
Account339,Password339,0
Account935,Password935,2
Account906,Password906,0
Account600,Password600,1
Account190,Password190,1
Account92,Password92,1
Account160,Password160,2
Account476,Password476,2
Account63,Password63,1
Account130,Password130,0
Account446,Password446,2
Account33,Password33,2
Account101,Password101,1
Account417,Password417,1
Account899,Password899,0
Account583,Password583,1
Account869,Password869,2
Account553,Password553,1
Account839,Password839,1
Account523,Password523,1
Account995,Password995,0
Account690,Password690,1
Account966,Password966,2
Account660,Password660,2
Account936,Password936,2
Account630,Password630,0
Account907,Password907,2
Account601,Password601,0
Account191,Password191,0
Account93,Password93,0
Account161,Password161,1
Account477,Password477,2
Account64,Password64,2
Account131,Password131,0
Account447,Password447,1
Account34,Password34,0
Account102,Password102,0
Account418,Password418,1
Account584,Password584,2
Account554,Password554,1
Account524,Password524,2
Account996,Password996,2
Account691,Password691,0
Account967,Password967,0
Account661,Password661,0
Account937,Password937,2
Account631,Password631,2
Account908,Password908,2
Account602,Password602,2
Account94,Password94,2
Account192,Password192,0
Account478,Password478,0
Account162,Password162,0
Account65,Password65,1
Account448,Password448,0
Account132,Password132,0
Account35,Password35,0
Account419,Password419,2
Account103,Password103,1
Account585,Password585,1
Account555,Password555,2
Account525,Password525,0
Account210,Password210,1
Account997,Password997,0
Account692,Password692,1
Account968,Password968,0
Account662,Password662,0
Account938,Password938,1
Account632,Password632,1
Account909,Password909,1
Account603,Password603,2
Account95,Password95,2
Account193,Password193,2
Account479,Password479,2
Account66,Password66,2
Account163,Password163,0
Account449,Password449,2
Account36,Password36,1
Account133,Password133,0
Account710,Password710,1
Account104,Password104,0
Account586,Password586,1
Account270,Password270,1
Account556,Password556,0
Account240,Password240,2
Account526,Password526,2
Account211,Password211,1
Account998,Password998,0
Account693,Password693,0
Account969,Password969,2
Account663,Password663,1
Account939,Password939,0
Account633,Password633,0
Account604,Password604,2
Account96,Password96,1
Account194,Password194,1
Account770,Password770,1
Account67,Password67,2
Account164,Password164,1
Account740,Password740,1
Account37,Password37,1
Account134,Password134,0
Account711,Password711,2
Account105,Password105,1
Account587,Password587,1
Account271,Password271,0
Account557,Password557,1
Account241,Password241,0
Account527,Password527,2
Account212,Password212,0
Account694,Password694,0
Account999,Password999,2
Account664,Password664,0
Account634,Password634,1
Account605,Password605,1
Account97,Password97,0
Account195,Password195,0
Account771,Password771,1
Account68,Password68,1
Account165,Password165,0
Account741,Password741,0
Account38,Password38,1
Account135,Password135,2
Account712,Password712,1
Account106,Password106,2
Account588,Password588,2
Account272,Password272,2
Account558,Password558,0
Account242,Password242,0
Account528,Password528,2
Account213,Password213,0
Account695,Password695,0
Account665,Password665,1
Account635,Password635,2
Account606,Password606,2
Account98,Password98,0
Account196,Password196,0
Account69,Password69,2
Account166,Password166,0
Account772,Password772,2
Account742,Password742,2
Account39,Password39,2
Account136,Password136,0
Account713,Password713,1
Account107,Password107,1
Account589,Password589,2
Account273,Password273,0
Account559,Password559,0
Account243,Password243,2
Account529,Password529,2
Account214,Password214,2
Account696,Password696,0
Account380,Password380,2
Account666,Password666,1
Account350,Password350,1
Account636,Password636,0
Account320,Password320,2
Account607,Password607,0
Account197,Password197,1
Account99,Password99,2
Account167,Password167,0
Account773,Password773,2
Account137,Password137,2
Account743,Password743,0
Account108,Password108,1
Account714,Password714,0
Account274,Password274,0
Account880,Password880,0
Account244,Password244,0
Account850,Password850,1
Account215,Password215,1
Account820,Password820,0
Account697,Password697,2
Account381,Password381,1
Account667,Password667,2
Account351,Password351,2
Account637,Password637,1
Account321,Password321,1
Account608,Password608,0
Account198,Password198,2
Account168,Password168,1
Account774,Password774,0
Account138,Password138,1
Account744,Password744,1
Account109,Password109,1
Account715,Password715,0
Account275,Password275,1
Account881,Password881,2
Account245,Password245,2
Account851,Password851,0
Account216,Password216,1
Account821,Password821,2
Account698,Password698,1
Account382,Password382,0
Account668,Password668,2
Account352,Password352,2
Account638,Password638,2
Account322,Password322,0
Account609,Password609,2
Account199,Password199,1
Account169,Password169,2
Account775,Password775,1
Account139,Password139,0
Account745,Password745,1
Account716,Password716,1
Account400,Password400,1
Account882,Password882,2
Account276,Password276,1
Account852,Password852,2
Account246,Password246,1
Account822,Password822,0
Account217,Password217,1
Account699,Password699,0
Account383,Password383,1
÷Ï∑…”Ó,61523113,2
Account669,Password669,2
Account353,Password353,0
Account639,Password639,0
Account323,Password323,0
Account490,Password490,2
Account776,Password776,1
Account460,Password460,1
Account746,Password746,1
Account430,Password430,1
Account717,Password717,1
Account401,Password401,2
Account883,Password883,1
Account277,Password277,2
Account853,Password853,1
Account247,Password247,2
Account823,Password823,0
Account218,Password218,2
Account980,Password980,1
Account384,Password384,2
Account950,Password950,1
Account354,Password354,2
Account920,Password920,2
Account324,Password324,2
Account491,Password491,2
Account777,Password777,2
Account461,Password461,0
Account747,Password747,0
Account431,Password431,0
Account718,Password718,0
Account402,Password402,1
Account884,Password884,2
Account278,Password278,2
Account854,Password854,0
Account248,Password248,2
Account824,Password824,2
Account219,Password219,1
Account981,Password981,0
Account385,Password385,2
Account951,Password951,1
Account355,Password355,0
Account921,Password921,1
Account325,Password325,2
Account492,Password492,1
Account778,Password778,1
Account462,Password462,1
Account748,Password748,1
Account432,Password432,2
Account719,Password719,1
Account403,Password403,0
Account885,Password885,2
Account279,Password279,2
Account855,Password855,0
Account249,Password249,0
Account825,Password825,2
Account510,Password510,0
Account386,Password386,1
Account982,Password982,0
Account356,Password356,1
Account952,Password952,0
Account326,Password326,2
Account922,Password922,2
Account493,Password493,1
Account779,Password779,0
Account80,Password80,0
Account463,Password463,2
Account749,Password749,1
Account50,Password50,1
Account433,Password433,1
Account20,Password20,1
Account404,Password404,0
Account886,Password886,2
Account570,Password570,2
Account856,Password856,1
Account540,Password540,1
Account826,Password826,1
Account511,Password511,2
Account387,Password387,2
Account983,Password983,2
Account357,Password357,2
Account953,Password953,1
Account327,Password327,1
Account494,Password494,1
Account81,Password81,2
Account464,Password464,0
Account51,Password51,0
Account434,Password434,1
Account21,Password21,1
Account405,Password405,1
Account571,Password571,2
Account887,Password887,1
Account541,Password541,1
Account857,Password857,1
Account512,Password512,0
Account827,Password827,2
Account388,Password388,0
Account984,Password984,1
Account358,Password358,2
Account954,Password954,1
Account328,Password328,1
Account924,Password924,0
Account495,Password495,2
Account465,Password465,1
Account82,Password82,1
Account435,Password435,1
Account52,Password52,2
Account406,Password406,1
Account22,Password22,1
Account888,Password888,2
Account572,Password572,2
Account858,Password858,0
Account542,Password542,0
Account828,Password828,0
Account513,Password513,0
Account389,Password389,0
Account985,Password985,1
Account359,Password359,0
Account955,Password955,2
Account329,Password329,2
Account925,Password925,2
Account180,Password180,2
Account496,Password496,1
Account83,Password83,1
Account466,Password466,0
Account150,Password150,2
Account53,Password53,2
Account436,Password436,0
Account120,Password120,1
Account23,Password23,0
Account407,Password407,1
Account889,Password889,2
Account573,Password573,2
Account859,Password859,1
Account543,Password543,2
Account829,Password829,1
Account514,Password514,2
Account986,Password986,1
Account680,Password680,0
Account956,Password956,0
Account650,Password650,1
Account926,Password926,2
Account620,Password620,0
Account181,Password181,1
Account497,Password497,1
Account84,Password84,0
Account151,Password151,1
Account467,Password467,0
Account54,Password54,2
Account121,Password121,0
Account437,Password437,1
Account24,Password24,0
Account408,Password408,2
Account574,Password574,2
Account544,Password544,1
Account515,Password515,2
Account987,Password987,2
Account681,Password681,2
Account957,Password957,1
Account651,Password651,0
Account927,Password927,2
Account621,Password621,0
Account498,Password498,0
Account182,Password182,0
Account85,Password85,0
Account468,Password468,1
Account152,Password152,0
Account55,Password55,1
Account438,Password438,2
Account122,Password122,2
Account25,Password25,2
Account409,Password409,1
Account575,Password575,1
Account545,Password545,1
Account516,Password516,0
Account200,Password200,2
Account988,Password988,2
Account682,Password682,2
Account958,Password958,2
Account652,Password652,0
Account928,Password928,1
Account622,Password622,0
Account499,Password499,0
Account183,Password183,0
Account86,Password86,0
Account469,Password469,1
Account153,Password153,2
Account56,Password56,1
Account439,Password439,2
Account123,Password123,0
Account26,Password26,1
Account700,Password700,0
Account290,Password290,0
Account576,Password576,0
Account260,Password260,1
Account546,Password546,1
Account230,Password230,0
Account517,Password517,0
Account201,Password201,1
Account989,Password989,1
Account683,Password683,1
Account959,Password959,1
Account653,Password653,1
Account929,Password929,1
Account623,Password623,2
Account790,Password790,2
Account184,Password184,1
Account87,Password87,0
Account760,Password760,1
Account154,Password154,0
Account57,Password57,1
Account730,Password730,0
Account124,Password124,0
Account27,Password27,0
Account701,Password701,1
Account291,Password291,2
Account577,Password577,2
Account261,Password261,2
Account547,Password547,1
Account231,Password231,2
Account518,Password518,2
Account202,Password202,1
Account684,Password684,1
Account654,Password654,2
Account624,Password624,2
Account791,Password791,1
Account185,Password185,2
Account88,Password88,2
Account761,Password761,0
Account155,Password155,0
Account58,Password58,0
Account731,Password731,1
Account125,Password125,0
Account28,Password28,0
Account702,Password702,0
Account292,Password292,2
Account578,Password578,1
Account262,Password262,0
Account548,Password548,0
Account232,Password232,2
Account519,Password519,2
Account203,Password203,2
Account685,Password685,2
Account655,Password655,0
Account625,Password625,1
Account310,Password310,0
Account186,Password186,1
Account89,Password89,1
Account792,Password792,0
Account156,Password156,0
Account762,Password762,0
Account59,Password59,2
Account126,Password126,0
Account732,Password732,1
Account29,Password29,0
Account703,Password703,1
Account293,Password293,1
Account579,Password579,1
Account263,Password263,2
Account549,Password549,1
Account233,Password233,2
Account204,Password204,1
Account810,Password810,0
Account686,Password686,1
Account370,Password370,1
Account656,Password656,0
Account340,Password340,2
Account626,Password626,0
Account311,Password311,1
Account187,Password187,0
Account793,Password793,0
Account157,Password157,0
Account763,Password763,0
Account127,Password127,1
Account733,Password733,0
Account704,Password704,1
Account294,Password294,1
Account264,Password264,2
Account870,Password870,2
Account234,Password234,1
Account840,Password840,1
Account205,Password205,0
Account811,Password811,0
Account687,Password687,0
Account371,Password371,0
Account657,Password657,1
Account341,Password341,2
Account627,Password627,2
Account312,Password312,0
Account188,Password188,0
Account794,Password794,1
Account158,Password158,0
Account764,Password764,1
Account128,Password128,0
Account734,Password734,0
Account705,Password705,2
Account295,Password295,2
Account265,Password265,0
Account871,Password871,0
Account235,Password235,1
Account841,Password841,0
Account206,Password206,0
Account812,Password812,0
Account688,Password688,0
Account372,Password372,1
Account658,Password658,0
Account342,Password342,1
Account628,Password628,1
Account313,Password313,1
Account189,Password189,2
Account795,Password795,2
Account159,Password159,2
Account765,Password765,1
Account129,Password129,1
Account735,Password735,1
Account706,Password706,1
ztx,1919810,1
